{
  "version": 1,
  "author": "Anonymous maker",
  "editor": "wokwi",
  "parts": [
    { "type": "wokwi-arduino-uno", "id": "uno", "top": 0, "left": 0, "attrs": {} },
    { "type": "wokwi-dht22", "id": "dht1", "top": 46.48, "left": 398.45, "attrs": {} },
    {
      "type": "wokwi-led",
      "id": "led1",
      "top": -97.13,
      "left": 131.67,
      "attrs": { "color": "blue" }
    },
    {
      "type": "wokwi-led",
      "id": "led2",
      "top": -100.12,
      "left": 66.84,
      "attrs": { "color": "yellow" }
    },
    {
      "type": "wokwi-led",
      "id": "led3",
      "top": -99.94,
      "left": 91.47,
      "attrs": { "color": "orange" }
    },
    {
      "type": "wokwi-led",
      "id": "led4",
      "top": -100.33,
      "left": 183.3,
      "attrs": { "color": "red" }
    },
    {
      "type": "wokwi-slide-potentiometer",
      "id": "pot1",
      "top": 65.57,
      "left": -252.59,
      "attrs": { "travelLength": "30" }
    },
    {
      "type": "wokwi-buzzer",
      "id": "bz1",
      "top": -188.12,
      "left": 244.96,
      "attrs": { "volume": "0.1" }
    }
  ],
  "connections": [
    [ "uno:5V", "dht1:VCC", "red", [ "v0" ] ],
    [ "dht1:SDA", "uno:2", "green", [ "v-179.48", "h-186.45" ] ],
    [ "uno:11", "led1:A", "green", [ "v0" ] ],
    [ "uno:GND.1", "led1:C", "black", [ "v-10.8", "h16.94", "v-53.33" ] ],
    [ "led2:A", "uno:13", "green", [ "h1.66", "v50.89", "h31.5" ] ],
    [ "dht1:GND", "uno:GND.2", "black", [ "v0" ] ],
    [ "led2:C", "uno:GND.1", "black", [ "v54.51", "h33.66" ] ],
    [ "led3:A", "uno:12", "green", [ "h9.63", "v47.09", "h8.4" ] ],
    [ "led3:C", "uno:GND.1", "black", [ "v34.41", "h9.03" ] ],
    [ "led4:A", "uno:10", "green", [ "v0" ] ],
    [ "led4:C", "uno:GND.1", "black", [ "v31.17", "h-82.8" ] ],
    [ "pot1:GND", "uno:GND.2", "black", [ "v0" ] ],
    [ "pot1:VCC", "uno:5V", "red", [ "h0" ] ],
    [ "pot1:SIG", "uno:A0", "green", [ "h0" ] ],
    [ "bz1:1", "uno:GND.1", "black", [ "v94.17", "h-156.46" ] ],
    [ "bz1:2", "uno:10", "green", [ "v78.78", "h-128.46" ] ]
  ],
  "dependencies": {}
}